{
  "uni_last": {
    "validation": {
      "auroc": 0.8211848304277882,
      "auprc": 0.4629393324549913
    },
    "test": {
      "auroc": 0.8169593672961171,
      "auprc": 0.44862635927392325
    }
  },
  "uni_mean": {
    "validation": {
      "auroc": 0.8025362987951017,
      "auprc": 0.4274877975404963
    },
    "test": {
      "auroc": 0.7947676790429352,
      "auprc": 0.4235634186918109
    }
  },
  "uni_recency_2": {
    "validation": {
      "auroc": 0.8275443013559212,
      "auprc": 0.45731474479711026
    },
    "test": {
      "auroc": 0.8149371175432668,
      "auprc": 0.45485529369761346
    }
  },
  "uni_recency_3": {
    "validation": {
      "auroc": 0.8184978167372533,
      "auprc": 0.4585825408151038
    },
    "test": {
      "auroc": 0.8139805533656193,
      "auprc": 0.4549248094697733
    }
  },
  "uni_recency_4": {
    "validation": {
      "auroc": 0.8232608793788371,
      "auprc": 0.46591910645974627
    },
    "test": {
      "auroc": 0.8084133598628476,
      "auprc": 0.4325390233339406
    }
  },
  "bi_last": {
    "validation": {
      "auroc": 0.8349240987885354,
      "auprc": 0.4952369654615607
    },
    "test": {
      "auroc": 0.8232183303925615,
      "auprc": 0.46621268191742304
    }
  },
  "bi_mean": {
    "validation": {
      "auroc": 0.8173723283758495,
      "auprc": 0.43964941310897226
    },
    "test": {
      "auroc": 0.8124808849845453,
      "auprc": 0.43888361900919803
    }
  },
  "bi_max": {
    "validation": {
      "auroc": 0.8228279203191176,
      "auprc": 0.4468668935558528
    },
    "test": {
      "auroc": 0.8216480834928859,
      "auprc": 0.44591918429767713
    }
  },
  "bi_recency_0": {
    "validation": {
      "auroc": 0.8204374117666371,
      "auprc": 0.4451560214946357
    },
    "test": {
      "auroc": 0.8103359987986636,
      "auprc": 0.4350362242955857
    }
  },
  "bi_recency_1": {
    "validation": {
      "auroc": 0.832007780951443,
      "auprc": 0.4622150316043469
    },
    "test": {
      "auroc": 0.8184249978100637,
      "auprc": 0.44221621641284775
    }
  },
  "bi_recency_2": {
    "validation": {
      "auroc": 0.82902272316885,
      "auprc": 0.4771716288231987
    },
    "test": {
      "auroc": 0.8213922989325626,
      "auprc": 0.46287093518392164
    }
  },
  "bi_recency_3": {
    "validation": {
      "auroc": 0.8306473456121344,
      "auprc": 0.4817064107880149
    },
    "test": {
      "auroc": 0.8185826732239617,
      "auprc": 0.4529658341116289
    }
  },
  "bi_recency_4": {
    "validation": {
      "auroc": 0.8291130084704029,
      "auprc": 0.4692606379329597
    },
    "test": {
      "auroc": 0.8237539262429454,
      "auprc": 0.45451817025452235
    }
  },
  "bi_recency_5": {
    "validation": {
      "auroc": 0.8290976189303654,
      "auprc": 0.4821006847203356
    },
    "test": {
      "auroc": 0.8214303412546458,
      "auprc": 0.45692469049399204
    }
  },
  "bi_recency_6": {
    "validation": {
      "auroc": 0.8356361215076005,
      "auprc": 0.48944212964214917
    },
    "test": {
      "auroc": 0.8259308480684763,
      "auprc": 0.4723060568806431
    }
  },
  "bi_attention": {
    "validation": {
      "auroc": 0.8211884213204635,
      "auprc": 0.4508084901558607
    },
    "test": {
      "auroc": 0.8148790529464028,
      "auprc": 0.4530940182684967
    }
  },
  "bi_mean_mask_delta": {
    "validation": {
      "auroc": 0.8051571374634754,
      "auprc": 0.4085127796580181
    },
    "test": {
      "auroc": 0.8134409530602795,
      "auprc": 0.42508817196971893
    }
  },
  "bi_attention_mask_delta": {
    "validation": {
      "auroc": 0.8006454373091697,
      "auprc": 0.39522231160503346
    },
    "test": {
      "auroc": 0.8111448986998037,
      "auprc": 0.41328893047897736
    }
  }
}